user_id,timestamp,latitude,longitude,alert_sent

1,2025-04-11T16:45:02.368Z,28.6814551,77.22279,Yes
1,2025-04-11T17:13:25.810Z,28.6814551,77.22279,Yes
1,2025-04-12T03:10:22.791Z,28.6814551,77.22279,Yes
1,2025-04-12T03:10:27.559Z,28.6814551,77.22279,Yes
1,2025-04-12T03:10:27.561Z,28.6814551,77.22279,Yes
1,2025-04-12T03:10:27.882Z,28.6814551,77.22279,Yes
1,2025-04-12T03:10:32.178Z,28.6814551,77.22279,Yes
1,2025-04-12T04:30:04.300Z,28.6814551,77.22279,Yes
1,2025-04-12T04:30:10.548Z,28.6814551,77.22279,Yes
1,2025-04-12T04:30:14.511Z,28.6814551,77.22279,Yes
1,2025-04-12T04:30:16.244Z,28.6814551,77.22279,Yes
1,2025-04-12T04:30:16.355Z,28.6814551,77.22279,Yes
1,2025-04-12T04:30:16.560Z,28.6814551,77.22279,Yes
1,2025-04-12T04:30:18.911Z,28.6814551,77.22279,Yes
1,2025-04-12T04:30:20.001Z,28.6814551,77.22279,Yes
1,2025-04-12T04:30:20.583Z,28.6814551,77.22279,Yes
1,2025-04-12T04:30:20.587Z,28.6814551,77.22279,Yes
1,2025-04-12T04:30:21.886Z,28.6814551,77.22279,Yes
1,2025-04-12T04:30:22.085Z,28.6814551,77.22279,Yes
1,2025-04-12T04:30:24.333Z,28.6814551,77.22279,Yes
1,2025-04-12T04:35:11.267Z,28.6814551,77.22279,Yes
1,2025-04-12T04:35:13.721Z,28.6814551,77.22279,Yes
1,2025-04-12T04:35:14.102Z,28.6814551,77.22279,Yes
1,2025-04-12T04:35:14.231Z,28.6814551,77.22279,Yes
1,2025-04-12T04:35:15.760Z,28.6814551,77.22279,Yes
1,2025-04-12T04:35:17.220Z,28.6814551,77.22279,Yes
1,2025-04-12T04:35:19.142Z,28.6814551,77.22279,Yes
1,2025-04-12T04:35:19.144Z,28.6814551,77.22279,Yes
1,2025-04-12T04:35:20.223Z,28.6814551,77.22279,Yes
1,2025-04-12T04:39:23.422Z,28.6814551,77.22279,Yes
1,2025-04-12T04:39:27.693Z,28.6814551,77.22279,Yes
1,2025-04-12T04:48:56.598Z,28.6814551,77.22279,Yes
1,2025-04-12T05:07:33.568Z,28.6814551,77.22279,Yes
1,2025-04-12T06:44:20.491Z,29.8937736,77.9624324,Yes
1,2025-04-12T06:52:13.890Z,29.8937736,77.9624324,Yes
1,2025-04-12T07:01:19.173Z,29.8937736,77.9624324,Yes
1,2025-04-12T07:01:38.318Z,29.8937736,77.9624324,Yes
1,2025-04-12T07:22:05.327Z,29.8937736,77.9624324,Yes
1,2025-04-12T07:36:47.552Z,29.8937736,77.9624324,Yes
1,2025-04-12T07:38:11.108Z,29.8937736,77.9624324,Yes
1,2025-04-12T07:38:28.121Z,29.8937736,77.9624324,Yes
1,2025-04-12T07:40:25.120Z,29.8937736,77.9624324,Yes
1,2025-04-12T07:40:42.303Z,29.8937736,77.9624324,Yes
1,2025-04-12T08:55:02.046Z,29.8937736,77.9624324,Yes
1,2025-04-12T10:58:59.516Z,29.8937736,77.9624324,Yes
1,2025-04-12T11:11:13.896Z,29.8937736,77.9624324,Yes
1,2025-04-12T11:11:25.273Z,29.8937736,77.9624324,Yes
1,2025-04-12T11:11:35.468Z,29.8937736,77.9624324,Yes
1,2025-04-12T11:13:15.612Z,29.8937736,77.9624324,Yes
